epoch,accuracy,loss
0,0.04078124836087227,3.3858869075775146
0,0.04085937514901161,3.3689305782318115
0,0.037968751043081284,3.3980040550231934
