epoch,accuracy,loss
0,0.0342133603990078,3.3836772441864014
